{
  "version": "1.0",
  "defaultProvider": "cdnjs",
  "libraries": [

    {
      "library": "font-awesome@4.7.0",
      "destination": "wwwroot/lib/font-awesome/"
    },
    {
      "library": "datatables@1.10.19",
      "destination": "wwwroot/lib/datatables/"
    },
    {
      "library": "js-cookie@2.2.1",
      "destination": "wwwroot/lib/js-cookie/"
    },
    {
      "library": "toastr.js@2.1.4",
      "destination": "wwwroot/lib/toastr.js/"
    },
    {
      "library": "jqueryui@1.12.1",
      "destination": "wwwroot/lib/jqueryui/"
    }
  ]
}