[
  {
    "outputFileName": "wwwroot/css/thirdparty.min.css",
    "inputFiles": [

      "wwwroot/lib/bootstrap/dist/css/bootstrap.css",
      "wwwroot/lib/font-awesome/css/font-awesome.css",
      //"wwwroot/lib/datatables/css/dataTables.bootstrap.css"
    ]
  },
  {
    "outputFileName": "wwwroot/css/site.min.css",
    "inputFiles": [
      "wwwroot/css/site.css"
    ]
  },
  {
    "outputFileName": "wwwroot/js/thirdparty.min.js",
    "inputFiles": [


      "wwwroot/lib/jquery/dist/jquery.js",
      "wwwroot/lib/jqueryui/jquery-ui.js",
      "wwwroot/lib/bootstrap/dist/js/bootstrap.bundle.js"
      //"wwwroot/lib/datatables/js/jquery.dataTables.js",
      //"wwwroot/lib/datatables/js/dataTables.bootstrap.js"


    ],
    "minify": {
      "enabled": true,
      "renameLocals": true
    },
    "sourceMap": false
  },
  {
    "outputFileName": "wwwroot/js/site.min.js",
    "inputFiles": [
      "wwwroot/js/site.js"
    ],
    "minify": {
      "enabled": true,
      "renameLocals": true
    },
    "sourceMap": false
  }
]